regionname,city,8/31/1996,8/31/1997,8/31/1998,8/31/1999,8/31/2000,8/31/2001,8/31/2002,8/31/2003,8/31/2004,8/31/2005,8/31/2006,8/31/2007,8/31/2008,8/31/2009,8/31/2010,8/31/2011,8/31/2012,8/31/2013,8/31/2014,8/31/2015,8/31/2016,8/31/2017,8/31/2018,8/31/2019,8/31/2020,199708,199808,199908,200008,200108,200208,200308,200408,200508,200608,200708,200808,200908,201008,201108,201208,201308,201408,201508,201608,201708,201808,201908,202008
94109,San Francisco,326085,353934,406629,471674,580761,679960,645122,677438,751273,872789,903311,928213,880778,793361,776888,735934,797920,934134,979067,1116705,1089613,1134028,1196188,1172905,1186661,0.0854,0.1489,0.1600,0.2313,0.1708,-0.0512,0.0501,0.1090,0.1617,0.0350,0.0276,-0.0511,-0.0992,-0.0208,-0.0527,0.0842,0.1707,0.0481,0.1406,-0.0243,0.0408,0.0548,-0.0195,0.0117
94501,Alameda,179692,191751,216239,236873,290329,341680,362073,399552,465506,542773,551865,530988,491643,488557,514616,472733,496718,633991,682303,771039,839699,906881,1015675,1043225,1081110,0.0671,0.1277,0.0954,0.2257,0.1769,0.0597,0.1035,0.1651,0.1660,0.0168,-0.0378,-0.0741,-0.0063,0.0533,-0.0814,0.0507,0.2764,0.0762,0.1301,0.0890,0.0800,0.1200,0.0271,0.0363
94110,San Francisco,280842,316693,363648,426798,539618,631868,646629,675601,782749,946830,949767,985492,922187,823216,842724,798767,873495,1048164,1225162,1394674,1395647,1482253,1632966,1585787,1612066,0.1277,0.1483,0.1737,0.2643,0.1710,0.0234,0.0448,0.1586,0.2096,0.0031,0.0376,-0.0642,-0.1073,0.0237,-0.0522,0.0936,0.2000,0.1689,0.1384,0.0007,0.0621,0.1017,-0.0289,0.0166
94558,Napa,177248,185732,200201,218762,262226,312395,346277,402110,467992,552615,578365,546110,485425,437324,405899,379944,398407,485951,540970,583670,627115,654739,693627,699242,714354,0.0479,0.0779,0.0927,0.1987,0.1913,0.1085,0.1612,0.1638,0.1808,0.0466,-0.0558,-0.1111,-0.0991,-0.0719,-0.0639,0.0486,0.2197,0.1132,0.0789,0.0744,0.0440,0.0594,0.0081,0.0216
94533,Fairfield,116887,116893,123492,134177,157244,193962,223244,261490,304510,377261,403354,365217,259941,194900,200413,184120,183226,236054,287865,296548,334908,365634,399032,406395,416472,0.0001,0.0565,0.0865,0.1719,0.2335,0.1510,0.1713,0.1645,0.2389,0.0692,-0.0945,-0.2883,-0.2502,0.0283,-0.0813,-0.0049,0.2883,0.2195,0.0302,0.1294,0.0917,0.0913,0.0185,0.0248
94536,Fremont,195629,213900,243266,263693,321675,386684,391153,412990,476168,580955,600086,573277,514602,475122,495486,449735,456652,609033,668669,769384,853426,904132,1089555,1030449,1041362,0.0934,0.1373,0.0840,0.2199,0.2021,0.0116,0.0558,0.1530,0.2201,0.0329,-0.0447,-0.1024,-0.0767,0.0429,-0.0923,0.0154,0.3337,0.0979,0.1506,0.1092,0.0594,0.2051,-0.0542,0.0106
95035,Milpitas,228073,249706,278125,306805,375880,440932,437999,440948,502924,608644,630898,631415,530070,497228,519945,490119,522446,650984,706943,762817,818112,883791,1100116,979100,1085420,0.0949,0.1138,0.1031,0.2251,0.1731,-0.0067,0.0067,0.1406,0.2102,0.0366,0.0008,-0.1605,-0.0620,0.0457,-0.0574,0.0660,0.2460,0.0860,0.0790,0.0725,0.0803,0.2448,-0.1100,0.1086
94544,Hayward,155153,160771,175789,190604,235744,288499,311118,337434,395304,481257,515310,491619,372561,303979,315435,288653,285749,387192,439665,484507,541626,583754,669917,652788,678401,0.0362,0.0934,0.0843,0.2368,0.2238,0.0784,0.0846,0.1715,0.2174,0.0708,-0.0460,-0.2422,-0.1841,0.0377,-0.0849,-0.0101,0.3550,0.1355,0.1020,0.1179,0.0778,0.1476,-0.0256,0.0392
94568,Dublin,239978,252417,276140,300863,361081,428004,439615,467752,546561,663717,684360,633026,557552,524993,534211,496086,504235,646511,715404,779952,837584,869895,964553,927655,940782,0.0518,0.0940,0.0895,0.2002,0.1853,0.0271,0.0640,0.1685,0.2144,0.0311,-0.0750,-0.1192,-0.0584,0.0176,-0.0714,0.0164,0.2822,0.1066,0.0902,0.0739,0.0386,0.1088,-0.0383,0.0142
94509,Antioch,73380,75226,82347,91021,103080,118687,136515,154704,193783,242727,251128,227786,173786,143761,142670,167357,188465,207410,225012,235463,250609,280857,328317,331584,343906,0.0252,0.0947,0.1053,0.1325,0.1514,0.1502,0.1332,0.2526,0.2526,0.0346,-0.0929,-0.2371,-0.1728,-0.0076,0.1730,0.1261,0.1005,0.0849,0.0464,0.0643,0.1207,0.1690,0.0100,0.0372
94122,San Francisco,292982,326559,375901,410806,504777,587432,616459,651300,763352,884741,880440,902274,850029,775503,779322,709280,752645,913050,992668,1159197,1224934,1319058,1508538,1480520,1476284,0.1146,0.1511,0.0929,0.2287,0.1637,0.0494,0.0565,0.1720,0.1590,-0.0049,0.0248,-0.0579,-0.0877,0.0049,-0.0899,0.0611,0.2131,0.0872,0.1678,0.0567,0.0768,0.1436,-0.0186,-0.0029
94541,Hayward,168720,175548,192525,206891,253981,307655,337151,362491,428334,519995,549252,524235,404493,322094,322101,289789,292058,388950,439847,491923,543340,586957,665493,650917,680353,0.0405,0.0967,0.0746,0.2276,0.2113,0.0959,0.0752,0.1816,0.2140,0.0563,-0.0455,-0.2284,-0.2037,0.0000,-0.1003,0.0078,0.3318,0.1309,0.1184,0.1045,0.0803,0.1338,-0.0219,0.0452
94538,Fremont,181330,197878,223961,242851,295732,359455,365273,384769,444462,545804,567431,546852,473488,422457,445875,404832,418409,564409,631893,716968,787145,845279,1025289,941874,965659,0.0913,0.1318,0.0843,0.2178,0.2155,0.0162,0.0534,0.1551,0.2280,0.0396,-0.0363,-0.1342,-0.1078,0.0554,-0.0921,0.0335,0.3489,0.1196,0.1346,0.0979,0.0739,0.2130,-0.0814,0.0253
94513,Brentwood,176897,192534,197238,236976,244900,286675,306607,343023,424199,540652,552221,474264,365368,305296,301854,303675,335923,420931,476754,539556,591393,635418,685458,682454,701204,0.0884,0.0244,0.2015,0.0334,0.1706,0.0695,0.1188,0.2366,0.2745,0.0214,-0.1412,-0.2296,-0.1644,-0.0113,0.0060,0.1062,0.2531,0.1326,0.1317,0.0961,0.0744,0.0788,-0.0044,0.0275
94587,Union City,193314,208676,232201,255930,312039,383372,392335,413923,476227,581709,607496,579716,485311,421004,439756,394802,399502,530689,596203,672460,724737,788522,938166,888971,910363,0.0795,0.1127,0.1022,0.2192,0.2286,0.0234,0.0550,0.1505,0.2215,0.0443,-0.0457,-0.1628,-0.1325,0.0445,-0.1022,0.0119,0.3284,0.1235,0.1279,0.0777,0.0880,0.1898,-0.0524,0.0241
94080,South San Francisco,243480,258404,289271,324963,391966,451546,486619,511268,599105,701435,733994,733203,599225,514532,529996,506960,531294,633778,706830,804383,855173,911522,1087913,1053395,1108647,0.0613,0.1195,0.1234,0.2062,0.1520,0.0777,0.0507,0.1718,0.1708,0.0464,-0.0011,-0.1827,-0.1413,0.0301,-0.0435,0.0480,0.1929,0.1153,0.1380,0.0631,0.0659,0.1935,-0.0317,0.0525
94112,San Francisco,236995,256386,293854,331784,403851,475559,503870,548366,637225,753493,787645,792145,678764,588490,592900,545181,571008,703622,774098,887162,903609,995204,1137890,1136994,1184228,0.0818,0.1461,0.1291,0.2172,0.1776,0.0595,0.0883,0.1620,0.1825,0.0453,0.0057,-0.1431,-0.1330,0.0075,-0.0805,0.0474,0.2322,0.1002,0.1461,0.0185,0.1014,0.1434,-0.0008,0.0415
94087,Sunnyvale,370894,416287,469609,509581,635994,717113,695481,696022,789054,923084,940352,980184,928533,953893,994248,965795,1024116,1250626,1406795,1584964,1625802,1788298,2222248,1898790,1989431,0.1224,0.1281,0.0851,0.2481,0.1275,-0.0302,0.0008,0.1337,0.1699,0.0187,0.0424,-0.0527,0.0273,0.0423,-0.0286,0.0604,0.2212,0.1249,0.1266,0.0258,0.0999,0.2427,-0.1456,0.0477
94086,Sunnyvale,253838,286421,322777,353455,447285,510821,500256,498843,564486,671645,687538,696860,642234,668229,684532,657716,726111,888184,981105,1113245,1186376,1337557,1686601,1439995,1594051,0.1284,0.1269,0.0950,0.2655,0.1420,-0.0207,-0.0028,0.1316,0.1898,0.0237,0.0136,-0.0784,0.0405,0.0244,-0.0392,0.1040,0.2232,0.1046,0.1347,0.0657,0.1274,0.2610,-0.1462,0.1070
94806,San Pablo,183153,183471,176012,186035,205471,233961,269327,303435,379869,446056,479163,412241,351768,307620,327895,298750,320912,313367,340145,380986,414653,454619,493428,496683,517904,0.0017,-0.0407,0.0569,0.1045,0.1387,0.1512,0.1266,0.2519,0.1742,0.0742,-0.1397,-0.1467,-0.1255,0.0659,-0.0889,0.0742,-0.0235,0.0855,0.1201,0.0884,0.0964,0.0854,0.0066,0.0427
94591,Vallejo,138621,144119,152181,164272,195552,241841,267757,308311,363248,446393,474270,437603,324025,240051,241322,217026,215306,279358,337895,366527,408487,436410,480096,486588,498964,0.0397,0.0559,0.0795,0.1904,0.2367,0.1072,0.1515,0.1782,0.2289,0.0624,-0.0773,-0.2595,-0.2592,0.0053,-0.1007,-0.0079,0.2975,0.2095,0.0847,0.1145,0.0684,0.1001,0.0135,0.0254
94553,Martinez,107347,115021,128880,142765,167729,193410,221568,250484,303768,363736,390714,348396,293656,271455,292495,278404,290765,345986,390608,470006,532758,562828,610141,595548,624666,0.0715,0.1205,0.1077,0.1749,0.1531,0.1456,0.1305,0.2127,0.1974,0.0742,-0.1083,-0.1571,-0.0756,0.0775,-0.0482,0.0444,0.1899,0.1290,0.2033,0.1335,0.0564,0.0841,-0.0239,0.0489
94015,Daly City,216486,230223,256952,293525,354932,410639,443837,470290,549110,649133,674596,671082,558425,477132,512642,491697,527895,646619,716209,810837,876182,938219,1097514,1056173,1132285,0.0635,0.1161,0.1423,0.2092,0.1570,0.0808,0.0596,0.1676,0.1822,0.0392,-0.0052,-0.1679,-0.1456,0.0744,-0.0409,0.0736,0.2249,0.1076,0.1321,0.0806,0.0708,0.1698,-0.0377,0.0721
94115,San Francisco,342256,363636,428961,500633,643267,721178,713647,737104,820546,967102,994445,1029983,977735,904323,879244,833860,924817,1071282,1182569,1371311,1367205,1442045,1633012,1656760,1667402,0.0625,0.1796,0.1671,0.2849,0.1211,-0.0104,0.0329,0.1132,0.1786,0.0283,0.0357,-0.0507,-0.0751,-0.0277,-0.0516,0.1091,0.1584,0.1039,0.1596,-0.0030,0.0547,0.1324,0.0145,0.0064
94117,San Francisco,327069,345776,405950,473306,622769,661225,662920,680846,776846,902292,909665,930154,919350,834014,819641,783244,887512,1035484,1167945,1340505,1355546,1457309,1657374,1684981,1685408,0.0572,0.1740,0.1659,0.3158,0.0618,0.0026,0.0270,0.1410,0.1615,0.0082,0.0225,-0.0116,-0.0928,-0.0172,-0.0444,0.1331,0.1667,0.1279,0.1477,0.0112,0.0751,0.1373,0.0167,0.0003
94102,San Francisco,216036,241613,276787,311814,391347,444343,425812,445715,512146,627596,649064,667765,632303,566731,553611,518586,550821,681787,763091,872789,865081,883974,936713,920434,927593,0.1184,0.1456,0.1265,0.2551,0.1354,-0.0417,0.0467,0.1490,0.2254,0.0342,0.0288,-0.0531,-0.1037,-0.0232,-0.0633,0.0622,0.2378,0.1193,0.1438,-0.0088,0.0218,0.0597,-0.0174,0.0078
94121,San Francisco,392065,424046,487224,543199,661992,753242,767036,823591,929633,1033287,1044259,1068227,1012366,901381,894210,825355,878557,1051312,1210523,1376897,1441788,1515734,1693148,1670589,1669525,0.0816,0.1490,0.1149,0.2187,0.1378,0.0183,0.0737,0.1288,0.1115,0.0106,0.0230,-0.0523,-0.1096,-0.0080,-0.0770,0.0645,0.1966,0.1514,0.1374,0.0471,0.0513,0.1170,-0.0133,-0.0006
94611,Oakland,294119,317185,351495,377636,475236,542921,586336,624118,709784,818612,828484,789065,746529,736259,756612,692432,711789,870640,903476,1008621,1153015,1243287,1348810,1335259,1375989,0.0784,0.1082,0.0744,0.2584,0.1424,0.0800,0.0644,0.1373,0.1533,0.0121,-0.0476,-0.0539,-0.0138,0.0276,-0.0848,0.0280,0.2232,0.0377,0.1164,0.1432,0.0783,0.0849,-0.0100,0.0305
94550,Livermore,227036,239122,265587,293282,346911,404630,420541,446518,523352,633276,651856,612177,534197,483562,486870,452115,464104,600808,670073,722365,761773,795174,881984,846568,872138,0.0532,0.1107,0.1043,0.1829,0.1664,0.0393,0.0618,0.1721,0.2100,0.0293,-0.0609,-0.1274,-0.0948,0.0068,-0.0714,0.0265,0.2946,0.1153,0.0780,0.0546,0.0438,0.1092,-0.0402,0.0302
94577,San Leandro,191643,197903,216106,234331,267330,319897,346849,376692,438835,523810,545747,518655,418246,367104,362506,320166,313064,419125,457852,514903,573934,610417,684262,668881,702038,0.0327,0.0920,0.0843,0.1408,0.1966,0.0843,0.0860,0.1650,0.1936,0.0419,-0.0496,-0.1936,-0.1223,-0.0125,-0.1168,-0.0222,0.3388,0.0924,0.1246,0.1146,0.0636,0.1210,-0.0225,0.0496
94118,San Francisco,404518,454495,514791,591960,741687,830227,852235,883266,1006142,1173471,1190446,1215636,1186843,1107436,1119769,1074381,1177170,1374708,1570474,1747614,1802964,1862478,2164546,2222600,2181997,0.1235,0.1327,0.1499,0.2529,0.1194,0.0265,0.0364,0.1391,0.1663,0.0145,0.0212,-0.0237,-0.0669,0.0111,-0.0405,0.0957,0.1678,0.1424,0.1128,0.0317,0.0330,0.1622,0.0268,-0.0183
94546,Castro Valley,196588,206538,229591,250412,295641,353275,381590,415743,485621,586992,605572,569465,484583,444786,454535,402063,410505,517772,567491,623231,684106,724708,806789,789994,827657,0.0506,0.1116,0.0907,0.1806,0.1949,0.0802,0.0895,0.1681,0.2087,0.0317,-0.0596,-0.1491,-0.0821,0.0219,-0.1154,0.0210,0.2613,0.0960,0.0982,0.0977,0.0594,0.1133,-0.0208,0.0477
94403,San Mateo,313171,352478,408415,441596,539195,619519,623655,646705,751045,871531,901672,897729,814474,737378,750725,703775,760034,914724,1021615,1222191,1297059,1423652,1653683,1530321,1557481,0.1255,0.1587,0.0812,0.2210,0.1490,0.0067,0.0370,0.1613,0.1604,0.0346,-0.0044,-0.0927,-0.0947,0.0181,-0.0625,0.0799,0.2035,0.1169,0.1963,0.0613,0.0976,0.1616,-0.0746,0.0177
94103,San Francisco,224898,257392,293050,354941,449124,498735,473015,494021,563880,681649,697741,718896,673970,592469,588761,563535,609444,738716,816166,939085,922990,936941,1035014,1048554,1036110,0.1445,0.1385,0.2112,0.2653,0.1105,-0.0516,0.0444,0.1414,0.2089,0.0236,0.0303,-0.0625,-0.1209,-0.0063,-0.0428,0.0815,0.2121,0.1048,0.1506,-0.0171,0.0151,0.1047,0.0131,-0.0119
94114,San Francisco,346928,388012,447631,535277,695678,766019,748079,765690,889567,1024663,1061777,1104499,1093083,970019,939996,889903,1024193,1201737,1393543,1637824,1672836,1807339,1959313,1938537,1999820,0.1184,0.1537,0.1958,0.2997,0.1011,-0.0234,0.0235,0.1618,0.1519,0.0362,0.0402,-0.0103,-0.1126,-0.0310,-0.0533,0.1509,0.1734,0.1596,0.1753,0.0214,0.0804,0.0841,-0.0106,0.0316
94107,San Francisco,270220,297834,353673,402563,518030,609682,566608,584920,669706,798900,816696,844702,784136,694580,687568,658097,723177,868277,965957,1104192,1120108,1153816,1223424,1223129,1221113,0.1022,0.1875,0.1382,0.2868,0.1769,-0.0706,0.0323,0.1450,0.1929,0.0223,0.0343,-0.0717,-0.1142,-0.0101,-0.0429,0.0989,0.2006,0.1125,0.1431,0.0144,0.0301,0.0603,-0.0002,-0.0016
94539,Fremont,301534,338465,385533,408170,495025,583752,590535,612591,697245,823114,852843,841168,814669,776008,813159,769643,804408,994773,1075293,1199347,1306454,1421009,1661895,1626430,1654777,0.1225,0.1391,0.0587,0.2128,0.1792,0.0116,0.0373,0.1382,0.1805,0.0361,-0.0137,-0.0315,-0.0475,0.0479,-0.0535,0.0452,0.2367,0.0809,0.1154,0.0893,0.0877,0.1695,-0.0213,0.0174
94010,Burlingame,509715,563262,641534,696380,868297,981119,981519,1021091,1161353,1348310,1381913,1396283,1323110,1184694,1190852,1268064,1515881,1792242,1988879,2185441,2359968,2521356,2967924,2769542,2834419,0.1051,0.1390,0.0855,0.2469,0.1299,0.0004,0.0403,0.1374,0.1610,0.0249,0.0104,-0.0524,-0.1046,0.0052,0.0648,0.1954,0.1823,0.1097,0.0988,0.0799,0.0684,0.1771,-0.0668,0.0234
94566,Pleasanton,291899,314951,355073,388197,456499,533767,539285,571743,669757,804242,817930,775696,720471,698005,713919,682837,704376,867307,910540,1000585,1072724,1110488,1277900,1222000,1227739,0.0790,0.1274,0.0933,0.1759,0.1693,0.0103,0.0602,0.1714,0.2008,0.0170,-0.0516,-0.0712,-0.0312,0.0228,-0.0435,0.0315,0.2313,0.0498,0.0989,0.0721,0.0352,0.1508,-0.0437,0.0047
94605,Oakland,143034,147119,160410,172325,209516,259870,289658,318776,374393,452789,481823,464135,365162,329905,336341,294504,297446,384240,422334,489471,548115,603346,676312,675517,709585,0.0286,0.0903,0.0743,0.2158,0.2403,0.1146,0.1005,0.1745,0.2094,0.0641,-0.0367,-0.2132,-0.0966,0.0195,-0.1244,0.0100,0.2918,0.0991,0.1590,0.1198,0.1008,0.1209,-0.0012,0.0504
94066,San Bruno,238906,254478,291216,329229,400110,460033,493306,518782,601419,709213,747980,741215,625864,544596,564186,538352,561927,677608,758258,866538,931930,989898,1190348,1140862,1160379,0.0652,0.1444,0.1305,0.2153,0.1498,0.0723,0.0516,0.1593,0.1792,0.0547,-0.0090,-0.1556,-0.1298,0.0360,-0.0458,0.0438,0.2059,0.1190,0.1428,0.0755,0.0622,0.2025,-0.0416,0.0171
94601,Oakland,102862,105222,111985,117971,141577,180696,217519,246531,294265,359548,391270,374302,292803,232716,247535,216360,219421,281855,326788,395942,464246,523391,590858,593329,633988,0.0229,0.0643,0.0535,0.2001,0.2763,0.2038,0.1334,0.1936,0.2219,0.0882,-0.0434,-0.2177,-0.2052,0.0637,-0.1259,0.0141,0.2845,0.1594,0.2116,0.1725,0.1274,0.1289,0.0042,0.0685
94610,Oakland,111285,119409,132972,147899,180182,215175,232997,250782,287581,334205,338827,325771,311896,320369,352489,339407,404604,538986,619786,773493,955876,1085320,1231675,1287158,1341203,0.0730,0.1136,0.1123,0.2183,0.1942,0.0828,0.0763,0.1467,0.1621,0.0138,-0.0385,-0.0426,0.0272,0.1003,-0.0371,0.1921,0.3321,0.1499,0.2480,0.2358,0.1354,0.1348,0.0450,0.0420
94025,Menlo Park,440052,494823,579922,636012,792475,887958,877981,882385,997516,1150028,1191919,1236749,1195474,1050951,1061273,1115756,1338688,1531233,1775111,1999101,2063898,2157617,2591740,2378293,2371576,0.1245,0.1720,0.0967,0.2460,0.1205,-0.0112,0.0050,0.1305,0.1529,0.0364,0.0376,-0.0334,-0.1209,0.0098,0.0513,0.1998,0.1438,0.1593,0.1262,0.0324,0.0454,0.2012,-0.0824,-0.0028
95476,Sonoma,263111,271716,298864,335779,393774,479668,520480,578542,672859,790808,803365,750330,642492,544158,517818,471329,474536,567544,648941,698278,749153,776728,840984,819279,825760,0.0327,0.0999,0.1235,0.1727,0.2181,0.0851,0.1116,0.1630,0.1753,0.0159,-0.0660,-0.1437,-0.1531,-0.0484,-0.0898,0.0068,0.1960,0.1434,0.0760,0.0729,0.0368,0.0827,-0.0258,0.0079
94901,San Rafael,366639,384324,416022,474372,563641,651726,692663,729964,829570,945070,976072,966367,898643,754209,757659,648487,687335,786109,843320,931867,975347,1057882,1107061,1131734,1191128,0.0482,0.0825,0.1403,0.1882,0.1563,0.0628,0.0539,0.1365,0.1392,0.0328,-0.0099,-0.0701,-0.1607,0.0046,-0.1441,0.0599,0.1437,0.0728,0.1050,0.0467,0.0846,0.0465,0.0223,0.0525
94606,Oakland,130087,128349,136266,146970,175776,225565,256016,279907,331063,395984,424253,402909,339898,279238,297393,264798,287066,372398,398000,486705,566114,642165,714706,690440,722130,-0.0134,0.0617,0.0786,0.1960,0.2833,0.1350,0.0933,0.1828,0.1961,0.0714,-0.0503,-0.1564,-0.1785,0.0650,-0.1096,0.0841,0.2973,0.0687,0.2229,0.1632,0.1343,0.1130,-0.0340,0.0459
94040,Mountain View,397797,444385,500550,549304,684378,772940,750408,746963,846487,1009032,1022709,1070915,990416,1002605,1045424,1030641,1123889,1376415,1486483,1754886,1806036,1956921,2414584,2109341,2328456,0.1171,0.1264,0.0974,0.2459,0.1294,-0.0292,-0.0046,0.1332,0.1920,0.0136,0.0471,-0.0752,0.0123,0.0427,-0.0141,0.0905,0.2247,0.0800,0.1806,0.0291,0.0835,0.2339,-0.1264,0.1039
94608,Oakland,158160,158067,172418,189789,211025,272172,299017,337883,393717,475961,507107,482642,411791,371576,353208,306162,315929,422892,471104,556516,640591,678464,751378,741865,788325,-0.0006,0.0908,0.1007,0.1119,0.2898,0.0986,0.1300,0.1652,0.2089,0.0654,-0.0482,-0.1468,-0.0977,-0.0494,-0.1332,0.0319,0.3386,0.1140,0.1813,0.1511,0.0591,0.1075,-0.0127,0.0626
94404,Foster City,308988,341311,397720,429594,522524,593116,594115,609811,702377,812793,839845,850339,783689,708201,727495,713883,767933,911903,1051436,1218797,1283302,1380600,1601167,1487465,1517709,0.1046,0.1653,0.0801,0.2163,0.1351,0.0017,0.0264,0.1518,0.1572,0.0333,0.0125,-0.0784,-0.0963,0.0272,-0.0187,0.0757,0.1875,0.1530,0.1592,0.0529,0.0758,0.1598,-0.0710,0.0203
94116,San Francisco,304054,339958,394093,432587,515255,611585,641792,678994,792104,909038,927909,947052,889634,800533,816894,740010,788213,945011,1027888,1132081,1196433,1316505,1480530,1462744,1441276,0.1181,0.1592,0.0977,0.1911,0.1870,0.0494,0.0580,0.1666,0.1476,0.0208,0.0206,-0.0606,-0.1002,0.0204,-0.0941,0.0651,0.1989,0.0877,0.1014,0.0568,0.1004,0.1246,-0.0120,-0.0147
94804,Richmond,188017,187985,216379,225873,242391,283568,325652,367806,441719,520498,552128,508295,431285,322519,311793,245512,254950,335651,364374,421905,486304,539064,610885,620505,644420,-0.0002,0.1510,0.0439,0.0731,0.1699,0.1484,0.1294,0.2010,0.1783,0.0608,-0.0794,-0.1515,-0.2522,-0.0333,-0.2126,0.0384,0.3165,0.0856,0.1579,0.1526,0.1085,0.1332,0.0157,0.0385
94560,Newark,186585,201648,227293,248538,303199,363041,370085,395384,452913,557068,581986,558761,467634,411499,425628,388569,387758,511446,580754,664749,730308,794996,966205,899545,915980,0.0807,0.1272,0.0935,0.2199,0.1974,0.0194,0.0684,0.1455,0.2300,0.0447,-0.0399,-0.1631,-0.1200,0.0343,-0.0871,-0.0021,0.3190,0.1355,0.1446,0.0986,0.0886,0.2154,-0.0690,0.0183
94578,San Leandro,153337,158211,172557,188818,236190,282035,313038,340409,397476,481411,506445,480054,378108,319390,329029,289867,287223,387182,428168,484998,536041,584675,659855,644544,679095,0.0318,0.0907,0.0942,0.2509,0.1941,0.1099,0.0874,0.1676,0.2112,0.0520,-0.0521,-0.2124,-0.1553,0.0302,-0.1190,-0.0091,0.3480,0.1059,0.1327,0.1052,0.0907,0.1286,-0.0232,0.0536
94044,Pacifica,276088,297183,329524,374107,449682,509908,545555,565994,666659,792351,812649,792420,695085,592981,609250,541496,562588,668804,736436,838601,893761,949418,1118822,1091587,1125101,0.0764,0.1088,0.1353,0.2020,0.1339,0.0699,0.0375,0.1779,0.1885,0.0256,-0.0249,-0.1228,-0.1469,0.0274,-0.1112,0.0390,0.1888,0.1011,0.1387,0.0658,0.0623,0.1784,-0.0243,0.0307
94123,San Francisco,444906,487346,575445,676455,828331,982915,973083,1003346,1128744,1308020,1353521,1388262,1390357,1291326,1293245,1195678,1304934,1529266,1673181,2011423,2024529,2164960,2483220,2513443,2456935,0.0954,0.1808,0.1755,0.2245,0.1866,-0.0100,0.0311,0.1250,0.1588,0.0348,0.0257,0.0015,-0.0712,0.0015,-0.0754,0.0914,0.1719,0.0941,0.2022,0.0065,0.0694,0.1470,0.0122,-0.0225
94523,Pleasant Hill,145601,163735,192797,205082,240547,277412,316291,357243,433913,512686,523807,469699,418714,359109,370248,307875,324363,399381,447017,526711,575246,635819,720115,741619,777854,0.1245,0.1775,0.0637,0.1729,0.1533,0.1401,0.1295,0.2146,0.1815,0.0217,-0.1033,-0.1085,-0.1424,0.0310,-0.1685,0.0536,0.2313,0.1193,0.1783,0.0921,0.1053,0.1326,0.0299,0.0489
94303,Palo Alto,294493,337937,377701,432898,559649,636717,643223,657510,751864,893481,948572,973917,865992,782997,800908,785799,935510,1163308,1351433,1620699,1652423,1793184,2168904,1934795,2000579,0.1475,0.1177,0.1461,0.2928,0.1377,0.0102,0.0222,0.1435,0.1884,0.0617,0.0267,-0.1108,-0.0958,0.0229,-0.0189,0.1905,0.2435,0.1617,0.1992,0.0196,0.0852,0.2095,-0.1079,0.0340
94583,San Ramon,328511,341391,375802,411038,456703,518008,572943,634235,745307,888468,900743,821247,753601,673190,688722,672996,717040,860572,945389,1010189,1066058,1112896,1194956,1180140,1205496,0.0392,0.1008,0.0938,0.1111,0.1342,0.1061,0.1070,0.1751,0.1921,0.0138,-0.0883,-0.0824,-0.1067,0.0231,-0.0228,0.0654,0.2002,0.0986,0.0685,0.0553,0.0439,0.0737,-0.0124,0.0215
94954,Petaluma,212310,213763,234091,258374,309095,373371,392445,431760,510520,595130,613131,570496,478382,409849,412316,369583,363456,456404,516967,558477,603950,644408,693668,676279,683822,0.0068,0.0951,0.1037,0.1963,0.2079,0.0511,0.1002,0.1824,0.1657,0.0302,-0.0695,-0.1615,-0.1433,0.0060,-0.1036,-0.0166,0.2557,0.1327,0.0803,0.0814,0.0670,0.0764,-0.0251,0.0112
94531,Antioch,184824,190615,214569,222161,255218,292371,327497,369517,458597,575453,601480,544569,407917,319363,320144,322777,329864,395505,442583,448985,471220,508463,569545,586993,597257,0.0313,0.1257,0.0354,0.1488,0.1456,0.1201,0.1283,0.2411,0.2548,0.0452,-0.0946,-0.2509,-0.2171,0.0024,0.0082,0.0220,0.1990,0.1190,0.0145,0.0495,0.0790,0.1201,0.0306,0.0175
94561,Oakley,128152,130384,138420,150091,172335,198240,225120,254462,319795,406197,414441,377280,291969,216000,241013,288166,290734,341722,393870,453471,499763,538381,572805,577164,590122,0.0174,0.0616,0.0843,0.1482,0.1503,0.1356,0.1303,0.2567,0.2702,0.0203,-0.0897,-0.2261,-0.2602,0.1158,0.1956,0.0089,0.1754,0.1526,0.1513,0.1021,0.0773,0.0639,0.0076,0.0225
95134,San Jose,214701,239555,272304,300796,367811,424549,401157,403274,453879,542938,554870,553225,480985,478636,497166,468821,497803,602552,650999,695267,753018,818098,1049448,900186,985944,0.1158,0.1367,0.1046,0.2228,0.1543,-0.0551,0.0053,0.1255,0.1962,0.0220,-0.0030,-0.1306,-0.0049,0.0387,-0.0570,0.0618,0.2104,0.0804,0.0680,0.0831,0.0864,0.2828,-0.1422,0.0953
94061,Redwood City,367465,412085,475562,517625,644033,724557,739386,757615,858040,990491,1022158,1038259,958505,858517,876261,799966,877879,942736,1075502,1280430,1368029,1480739,1707582,1624498,1629598,0.1214,0.1540,0.0884,0.2442,0.1250,0.0205,0.0247,0.1326,0.1544,0.0320,0.0158,-0.0768,-0.1043,0.0207,-0.0871,0.0974,0.0739,0.1408,0.1905,0.0684,0.0824,0.1532,-0.0487,0.0031
94401,San Mateo,224026,238567,272060,311560,379795,444796,457043,480026,548713,652808,682590,678440,577238,501739,516391,492305,520620,637596,738998,853338,892132,1015390,1206069,1125448,1131764,0.0649,0.1404,0.1452,0.2190,0.1711,0.0275,0.0503,0.1431,0.1897,0.0456,-0.0061,-0.1492,-0.1308,0.0292,-0.0466,0.0575,0.2247,0.1590,0.1547,0.0455,0.1382,0.1878,-0.0668,0.0056
94043,Mountain View,239043,269450,301295,336969,407808,472910,459507,465044,528034,626298,639703,652318,591528,617925,634692,612683,687833,835030,922803,1079031,1156686,1271175,1585639,1369361,1493461,0.1272,0.1182,0.1184,0.2102,0.1596,-0.0283,0.0120,0.1354,0.1861,0.0214,0.0197,-0.0932,0.0446,0.0271,-0.0347,0.1227,0.2140,0.1051,0.1693,0.0720,0.0990,0.2474,-0.1364,0.0906
94131,San Francisco,328905,359112,426323,486080,604637,692522,688194,727440,833668,963501,975638,1001073,951766,868080,871105,812710,888914,1074531,1217542,1388604,1430194,1491614,1710709,1671325,1717537,0.0918,0.1872,0.1402,0.2439,0.1454,-0.0062,0.0570,0.1460,0.1557,0.0126,0.0261,-0.0493,-0.0879,0.0035,-0.0670,0.0938,0.2088,0.1331,0.1405,0.0300,0.0429,0.1469,-0.0230,0.0276
94014,Daly City,245240,257871,288705,323311,394380,461841,501727,527615,620679,730762,764766,768430,611139,509223,534577,501893,516576,634536,694569,799779,862227,911976,1075492,1010465,1001863,0.0515,0.1196,0.1199,0.2198,0.1711,0.0864,0.0516,0.1764,0.1774,0.0465,0.0048,-0.2047,-0.1668,0.0498,-0.0611,0.0293,0.2283,0.0946,0.1515,0.0781,0.0577,0.1793,-0.0605,-0.0085
94133,San Francisco,429128,470975,512376,580520,704532,796049,780826,807268,886821,1025974,1042462,1088920,1029107,913569,911951,856829,926860,1097052,1152238,1297819,1292397,1367056,1474437,1467366,1484060,0.0975,0.0879,0.1330,0.2136,0.1299,-0.0191,0.0339,0.0985,0.1569,0.0161,0.0446,-0.0549,-0.1123,-0.0018,-0.0604,0.0817,0.1836,0.0503,0.1263,-0.0042,0.0578,0.0785,-0.0048,0.0114
94941,Mill Valley,424355,461766,513073,578328,721548,834706,852762,875239,989314,1124569,1147886,1201487,1191851,985159,979548,902151,942225,1057996,1220321,1402721,1430961,1509491,1564707,1560341,1661998,0.0882,0.1111,0.1272,0.2476,0.1568,0.0216,0.0264,0.1303,0.1367,0.0207,0.0467,-0.0080,-0.1734,-0.0057,-0.0790,0.0444,0.1229,0.1534,0.1495,0.0201,0.0549,0.0366,-0.0028,0.0652
94526,Danville,263920,303330,345745,395572,452338,518270,575421,644949,749082,894862,910432,837146,753048,670868,708251,682510,715264,902455,972404,1035513,1118954,1156499,1231189,1193787,1248061,0.1493,0.1398,0.1441,0.1435,0.1458,0.1103,0.1208,0.1615,0.1946,0.0174,-0.0805,-0.1005,-0.1091,0.0557,-0.0363,0.0480,0.2617,0.0775,0.0649,0.0806,0.0336,0.0646,-0.0304,0.0455
94588,Pleasanton,242729,259125,290850,319016,377032,441071,453401,481379,566010,684777,694933,650953,600200,567985,590898,555601,567259,710076,759511,834214,891456,923244,1056896,1011355,1019895,0.0675,0.1224,0.0968,0.1819,0.1699,0.0280,0.0617,0.1758,0.2098,0.0148,-0.0633,-0.0780,-0.0537,0.0403,-0.0597,0.0210,0.2518,0.0696,0.0984,0.0686,0.0357,0.1448,-0.0431,0.0084
94070,San Carlos,354608,393130,462333,505279,623682,700263,696319,710517,823706,950119,986030,1005433,954569,838467,855204,830117,948688,1118012,1305887,1511037,1575539,1694283,1963260,1848960,1886092,0.1086,0.1760,0.0929,0.2343,0.1228,-0.0056,0.0204,0.1593,0.1535,0.0378,0.0197,-0.0506,-0.1216,0.0200,-0.0293,0.1428,0.1785,0.1680,0.1571,0.0427,0.0754,0.1588,-0.0582,0.0201
94903,San Rafael,308762,326896,357030,396239,478796,550758,585424,621575,707170,805200,835694,821745,760381,614618,629980,553386,594799,690506,741170,810597,848190,901113,972753,975420,1046993,0.0587,0.0922,0.1098,0.2084,0.1503,0.0629,0.0618,0.1377,0.1386,0.0379,-0.0167,-0.0747,-0.1917,0.0250,-0.1216,0.0748,0.1609,0.0734,0.0937,0.0464,0.0624,0.0795,0.0027,0.0734
94602,Oakland,196649,213989,243186,264115,315142,373836,406759,435854,511007,598180,601964,576513,528166,527475,531042,465718,473703,599463,642926,736221,800210,863961,966984,976092,1020475,0.0882,0.1364,0.0861,0.1932,0.1862,0.0881,0.0715,0.1724,0.1706,0.0063,-0.0423,-0.0839,-0.0013,0.0068,-0.1230,0.0171,0.2655,0.0725,0.1451,0.0869,0.0797,0.1192,0.0094,0.0455
94063,Redwood City,246332,267261,300587,346807,425807,508546,532279,548746,636785,734632,780941,787245,661769,549430,566365,515336,580666,714465,765968,909616,965672,1056377,1318843,1194952,1192764,0.0850,0.1247,0.1538,0.2278,0.1943,0.0467,0.0309,0.1604,0.1537,0.0630,0.0081,-0.1594,-0.1698,0.0308,-0.0901,0.1268,0.2304,0.0721,0.1875,0.0616,0.0939,0.2485,-0.0939,-0.0018
94306,Palo Alto,491650,553633,623395,690634,895024,1004227,958055,936175,1058027,1296106,1273741,1367804,1318925,1321901,1367672,1283565,1291004,1538177,1791502,2149143,2165784,2366517,2837119,2550620,2827984,0.1261,0.1260,0.1079,0.2959,0.1220,-0.0460,-0.0228,0.1302,0.2250,-0.0173,0.0738,-0.0357,0.0023,0.0346,-0.0615,0.0058,0.1915,0.1647,0.1996,0.0077,0.0927,0.1989,-0.1010,0.1087
94510,Benicia,164457,171355,184106,203113,238428,287928,319658,360768,420567,509557,525079,480153,387801,333389,349899,320912,332273,446732,497850,523582,568535,599415,642855,649304,658516,0.0419,0.0744,0.1032,0.1739,0.2076,0.1102,0.1286,0.1658,0.2116,0.0305,-0.0856,-0.1923,-0.1403,0.0495,-0.0828,0.0354,0.3445,0.1144,0.0517,0.0859,0.0543,0.0725,0.0100,0.0142
94607,Oakland,135393,147515,149035,158534,188488,236243,267945,300559,339719,418333,435898,413219,355186,308661,318966,294739,315820,390443,436701,509148,601943,651572,712626,691861,726346,0.0895,0.0103,0.0637,0.1889,0.2534,0.1342,0.1217,0.1303,0.2314,0.0420,-0.0520,-0.1404,-0.1310,0.0334,-0.0760,0.0715,0.2363,0.1185,0.1659,0.1823,0.0824,0.0937,-0.0291,0.0498
94555,Fremont,209790,228746,259836,279374,344994,413741,415519,438553,505699,620270,634471,608997,546623,516081,539012,486451,490447,638436,711718,818715,897539,941393,1145815,1098714,1088616,0.0904,0.1359,0.0752,0.2349,0.1993,0.0043,0.0554,0.1531,0.2266,0.0229,-0.0401,-0.1024,-0.0559,0.0444,-0.0975,0.0082,0.3017,0.1148,0.1503,0.0963,0.0489,0.2171,-0.0411,-0.0092
94134,San Francisco,240501,261432,294416,333732,413324,482789,515550,563238,636052,756946,787559,793452,674995,582271,579541,524249,547127,678537,712914,812798,814453,911683,1014480,1020623,1055316,0.0870,0.1262,0.1335,0.2385,0.1681,0.0679,0.0925,0.1293,0.1901,0.0404,0.0075,-0.1493,-0.1374,-0.0047,-0.0954,0.0436,0.2402,0.0507,0.1401,0.0020,0.1194,0.1128,0.0061,0.0340
94530,El Cerrito,158218,172549,193238,202214,245381,285469,326804,367570,452493,512455,496244,461467,397056,379965,437472,369618,387355,500851,545305,598660,671333,740070,832548,896660,970018,0.0906,0.1199,0.0465,0.2135,0.1634,0.1448,0.1247,0.2310,0.1325,-0.0316,-0.0701,-0.1396,-0.0430,0.1513,-0.1551,0.0480,0.2930,0.0888,0.0978,0.1214,0.1024,0.1250,0.0770,0.0818
94549,Lafayette,291021,318105,352117,387776,465281,526108,589149,657175,755432,916532,899443,827069,755238,681792,750719,684618,738435,874192,940221,1015134,1134769,1206396,1333861,1351153,1416357,0.0931,0.1069,0.1013,0.1999,0.1307,0.1198,0.1155,0.1495,0.2133,-0.0186,-0.0805,-0.0869,-0.0972,0.1011,-0.0881,0.0786,0.1838,0.0755,0.0797,0.1179,0.0631,0.1057,0.0130,0.0483
94002,Belmont,369528,419135,483325,527268,643260,726231,718361,731940,843174,962020,987567,1005822,939623,840255,856959,814128,893359,1075606,1245360,1463930,1531196,1640709,1876655,1749850,1798669,0.1342,0.1531,0.0909,0.2200,0.1290,-0.0108,0.0189,0.1520,0.1410,0.0266,0.0185,-0.0658,-0.1058,0.0199,-0.0500,0.0973,0.2040,0.1578,0.1755,0.0459,0.0715,0.1438,-0.0676,0.0279
94559,Napa,154418,160145,169339,184195,220626,268963,303529,357796,415716,495854,510893,476977,427216,385067,359190,335843,356221,440211,502854,544305,580359,607056,638384,649722,674033,0.0371,0.0574,0.0877,0.1978,0.2191,0.1285,0.1788,0.1619,0.1928,0.0303,-0.0664,-0.1043,-0.0987,-0.0672,-0.0650,0.0607,0.2358,0.1423,0.0824,0.0662,0.0460,0.0516,0.0178,0.0374
94124,San Francisco,193097,204738,229070,263716,325913,408723,424191,468970,535067,638222,674282,683736,562318,480764,481890,428363,443589,558245,642292,746596,784056,857339,940240,958924,1000631,0.0603,0.1188,0.1512,0.2358,0.2541,0.0378,0.1056,0.1409,0.1928,0.0565,0.0140,-0.1776,-0.1450,0.0023,-0.1111,0.0355,0.2585,0.1506,0.1624,0.0502,0.0935,0.0967,0.0199,0.0435
94132,San Francisco,290809,313642,353782,403616,483804,570558,589016,630780,725239,846262,871758,881769,784376,690793,699999,631549,671030,808303,894238,1022838,1072217,1176181,1346397,1316122,1323237,0.0785,0.1280,0.1409,0.1987,0.1793,0.0324,0.0709,0.1497,0.1669,0.0301,0.0115,-0.1105,-0.1193,0.0133,-0.0978,0.0625,0.2046,0.1063,0.1438,0.0483,0.0970,0.1447,-0.0225,0.0054
94598,Walnut Creek,131929,145049,170994,185314,214066,247857,274627,311251,365198,433807,449919,419194,378222,304955,307038,264747,247403,333472,366198,403430,434943,460440,502255,501356,532401,0.0994,0.1789,0.0837,0.1552,0.1579,0.1080,0.1334,0.1733,0.1879,0.0371,-0.0683,-0.0977,-0.1937,0.0068,-0.1377,-0.0655,0.3479,0.0981,0.1017,0.0781,0.0586,0.0908,-0.0018,0.0619
94609,Oakland,151325,162361,170877,195911,226877,283066,309042,332985,391431,478328,484944,471307,422137,418128,437014,401670,427767,615520,667153,815907,907933,988931,1101741,1096636,1185884,0.0729,0.0525,0.1465,0.1581,0.2477,0.0918,0.0775,0.1755,0.2220,0.0138,-0.0281,-0.1043,-0.0095,0.0452,-0.0809,0.0650,0.4389,0.0839,0.2230,0.1128,0.0892,0.1141,-0.0046,0.0814
94402,San Mateo,349746,386546,448693,490200,605939,672508,683555,703634,798203,921272,963669,995890,928583,832437,830880,850661,978964,1181183,1347914,1560240,1614588,1753187,2034757,1904612,1952125,0.1052,0.1608,0.0925,0.2361,0.1099,0.0164,0.0294,0.1344,0.1542,0.0460,0.0334,-0.0676,-0.1035,-0.0019,0.0238,0.1508,0.2066,0.1412,0.1575,0.0348,0.0858,0.1606,-0.0640,0.0249
94545,Hayward,158164,165663,181682,201206,249792,300948,323613,349162,406568,495550,528628,506062,385069,319925,336370,299549,307704,414732,470401,509688,574094,625794,723072,695906,719143,0.0474,0.0967,0.1075,0.2415,0.2048,0.0753,0.0789,0.1644,0.2189,0.0668,-0.0427,-0.2391,-0.1692,0.0514,-0.1095,0.0272,0.3478,0.1342,0.0835,0.1264,0.0901,0.1554,-0.0376,0.0334
94062,Redwood City,425582,476395,548049,599622,756289,871846,866774,865672,984444,1130415,1165921,1200054,1132176,988604,1018426,1039965,1198369,1401223,1564183,1791050,1859157,1951838,2279939,2125344,2183122,0.1194,0.1504,0.0941,0.2613,0.1528,-0.0058,-0.0013,0.1372,0.1483,0.0314,0.0293,-0.0566,-0.1268,0.0302,0.0211,0.1523,0.1693,0.1163,0.1450,0.0380,0.0499,0.1681,-0.0678,0.0272
94585,Suisun City,130526,132708,139925,153890,178799,219411,248000,289111,337613,415456,443688,403072,286302,210729,220526,198051,194173,242539,295676,307292,347355,374435,406756,415435,423882,0.0167,0.0544,0.0998,0.1619,0.2271,0.1303,0.1658,0.1678,0.2306,0.0680,-0.0915,-0.2897,-0.2640,0.0465,-0.1019,-0.0196,0.2491,0.2191,0.0393,0.1304,0.0780,0.0863,0.0213,0.0203
94518,Concord,151020,160451,178148,196790,226941,264789,297412,337671,428630,499057,515238,459960,384397,350828,360466,339279,358149,442795,474929,551321,589024,629693,676256,677285,709781,0.0624,0.1103,0.1046,0.1532,0.1668,0.1232,0.1354,0.2694,0.1643,0.0324,-0.1073,-0.1643,-0.0873,0.0275,-0.0588,0.0556,0.2363,0.0726,0.1608,0.0684,0.0690,0.0739,0.0015,0.0480
94595,Walnut Creek,375801,390835,356213,389942,451077,494175,522302,574424,702254,788482,871309,777567,676486,580030,612379,584952,648923,820646,775056,829019,904732,958886,1035539,1056253,1089551,0.0400,-0.0886,0.0947,0.1568,0.0955,0.0569,0.0998,0.2225,0.1228,0.1050,-0.1076,-0.1300,-0.1426,0.0558,-0.0448,0.1094,0.2646,-0.0556,0.0696,0.0913,0.0599,0.0799,0.0200,0.0315
94619,Oakland,187026,195541,213036,233129,270723,330859,360815,385539,455541,540750,548686,518991,457850,410858,436235,396030,384896,503481,543804,617842,688848,724498,800223,801742,840373,0.0455,0.0895,0.0943,0.1613,0.2221,0.0905,0.0685,0.1816,0.1871,0.0147,-0.0541,-0.1178,-0.1026,0.0618,-0.0922,-0.0281,0.3081,0.0801,0.1361,0.1149,0.0518,0.1045,0.0019,0.0482
94801,Richmond,130375,138256,148336,164625,174007,231420,252878,281229,332898,405823,435549,371182,323272,280037,280851,248459,251558,244057,280213,339180,405641,470280,527771,552465,578954,0.0604,0.0729,0.1098,0.0570,0.3299,0.0927,0.1121,0.1837,0.2191,0.0732,-0.1478,-0.1291,-0.1337,0.0029,-0.1153,0.0125,-0.0298,0.1481,0.2104,0.1959,0.1594,0.1222,0.0468,0.0479
94612,Oakland,149702,159862,175256,185325,237266,291035,326571,368552,410042,500842,509543,485298,428363,342291,334384,308010,320385,442391,474523,552330,659739,695943,746226,737007,757933,0.0679,0.0963,0.0575,0.2803,0.2266,0.1221,0.1286,0.1126,0.2214,0.0174,-0.0476,-0.1173,-0.2009,-0.0231,-0.0789,0.0402,0.3808,0.0726,0.1640,0.1945,0.0549,0.0723,-0.0124,0.0284
94589,Vallejo,106758,109293,112811,122393,145391,182054,208955,242264,286884,352509,380117,349102,249409,177376,181821,163120,157239,207797,254966,284421,322137,353366,402164,410406,419325,0.0237,0.0322,0.0849,0.1879,0.2522,0.1478,0.1594,0.1842,0.2288,0.0783,-0.0816,-0.2856,-0.2888,0.0251,-0.1029,-0.0361,0.3215,0.2270,0.1155,0.1326,0.0969,0.1381,0.0205,0.0217
94580,San Lorenzo,154517,160712,177410,190453,236037,282607,307564,336878,395834,484547,508455,480937,375513,327767,337360,300768,296825,400919,447381,494422,553158,601278,681825,653524,697733,0.0401,0.1039,0.0735,0.2393,0.1973,0.0883,0.0953,0.1750,0.2241,0.0493,-0.0541,-0.2192,-0.1271,0.0293,-0.1085,-0.0131,0.3507,0.1159,0.1051,0.1188,0.0870,0.1340,-0.0415,0.0676
94704,Berkeley,230178,250567,283512,310956,360493,418873,435475,466235,542759,625390,652613,601626,592463,593374,581554,530277,547464,673294,717003,831755,950280,1040888,1177347,1186720,1218640,0.0886,0.1315,0.0968,0.1593,0.1619,0.0396,0.0706,0.1641,0.1522,0.0435,-0.0781,-0.0152,0.0015,-0.0199,-0.0882,0.0324,0.2298,0.0649,0.1600,0.1425,0.0953,0.1311,0.0080,0.0269
94947,Novato,277646,295181,321437,361590,435757,509143,538774,585684,677823,781413,796251,763415,676449,533808,558114,483844,482685,562035,625714,699963,722924,759499,807409,795246,825045,0.0632,0.0889,0.1249,0.2051,0.1684,0.0582,0.0871,0.1573,0.1528,0.0190,-0.0412,-0.1139,-0.2109,0.0455,-0.1331,-0.0024,0.1644,0.1133,0.1187,0.0328,0.0506,0.0631,-0.0151,0.0375
94803,El Sobrante,161860,173419,184700,198921,230395,263630,303840,336937,385280,445731,454711,401363,343121,288286,300819,272538,284025,316692,295242,363983,406226,474859,559960,583495,595317,0.0714,0.0651,0.0770,0.1582,0.1443,0.1525,0.1089,0.1435,0.1569,0.0201,-0.1173,-0.1451,-0.1598,0.0435,-0.0940,0.0421,0.1150,-0.0677,0.2328,0.1161,0.1690,0.1792,0.0420,0.0203
94030,Millbrae,385675,426762,484072,539587,646320,712832,740738,766789,893826,1017462,1051373,1069246,987235,882118,909571,836763,901210,1064665,1224673,1400635,1469059,1564493,1828949,1725176,1707039,0.1065,0.1343,0.1147,0.1978,0.1029,0.0391,0.0352,0.1657,0.1383,0.0333,0.0170,-0.0767,-0.1065,0.0311,-0.0800,0.0770,0.1814,0.1503,0.1437,0.0489,0.0650,0.1690,-0.0567,-0.0105
94085,Sunnyvale,228523,252908,283429,318198,387715,459488,462987,460754,528360,637424,667211,674333,556144,497965,508983,470711,515334,658697,730532,833954,914656,1016276,1331910,1150973,1262517,0.1067,0.1207,0.1227,0.2185,0.1851,0.0076,-0.0048,0.1467,0.2064,0.0467,0.0107,-0.1753,-0.1046,0.0221,-0.0752,0.0948,0.2782,0.1091,0.1416,0.0968,0.1111,0.3106,-0.1358,0.0969
94703,Berkeley,237282,257420,289957,323410,404837,458808,479198,522524,605751,719818,727931,687745,635675,593790,623611,558330,566623,725285,781269,899854,1000818,1073666,1205737,1203431,1252423,0.0849,0.1264,0.1154,0.2518,0.1333,0.0444,0.0904,0.1593,0.1883,0.0113,-0.0552,-0.0757,-0.0659,0.0502,-0.1047,0.0149,0.2800,0.0772,0.1518,0.1122,0.0728,0.1230,-0.0019,0.0407
94089,Sunnyvale,231620,259648,287669,325973,402072,482686,477026,478865,546683,659611,689819,686089,555481,538456,535864,498222,544551,682226,748536,827934,916207,986112,1303129,1088810,1208088,0.1210,0.1079,0.1332,0.2335,0.2005,-0.0117,0.0039,0.1416,0.2066,0.0458,-0.0054,-0.1904,-0.0306,-0.0048,-0.0702,0.0930,0.2528,0.0972,0.1061,0.1066,0.0763,0.3215,-0.1645,0.1095
94506,Danville,601059,639688,702607,782542,908015,1034135,1148283,1264496,1549231,1863191,1851849,1692210,1553566,1294055,1336803,1286701,1409687,1576866,1719953,1858366,1837139,1929666,2093142,2063071,2113028,0.0643,0.0984,0.1138,0.1603,0.1389,0.1104,0.1012,0.2252,0.2027,-0.0061,-0.0862,-0.0819,-0.1670,0.0330,-0.0375,0.0956,0.1186,0.0907,0.0805,-0.0114,0.0504,0.0847,-0.0144,0.0242
94706,Albany,202836,219691,235621,257085,326679,377319,397871,452575,518446,614592,611912,584947,552804,552059,562430,517078,528044,680149,723532,835134,890593,980348,1070594,1033530,1101016,0.0831,0.0725,0.0911,0.2707,0.1550,0.0545,0.1375,0.1455,0.1855,-0.0044,-0.0441,-0.0550,-0.0013,0.0188,-0.0806,0.0212,0.2881,0.0638,0.1542,0.0664,0.1008,0.0921,-0.0346,0.0653
94024,Los Altos,613645,686045,764662,834786,1068355,1279189,1228986,1225536,1351543,1557457,1545927,1560281,1448605,1462305,1523739,1424697,1566571,1812712,1991055,2320003,2416329,2615630,3198428,2909165,3204176,0.1180,0.1146,0.0917,0.2798,0.1973,-0.0392,-0.0028,0.1028,0.1524,-0.0074,0.0093,-0.0716,0.0095,0.0420,-0.0650,0.0996,0.1571,0.0984,0.1652,0.0415,0.0825,0.2228,-0.0904,0.1014
94105,San Francisco,369208,399911,479371,531407,659840,753901,684051,724837,826009,967397,1009395,1036746,975882,852609,835971,808037,907834,1083013,1136786,1277422,1248111,1232443,1292839,1273501,1258522,0.0832,0.1987,0.1086,0.2417,0.1426,-0.0927,0.0596,0.1396,0.1712,0.0434,0.0271,-0.0587,-0.1263,-0.0195,-0.0334,0.1235,0.1930,0.0497,0.1237,-0.0229,-0.0126,0.0490,-0.0150,-0.0118
94702,Berkeley,167328,185004,210970,238058,281848,317591,342379,374410,443391,523406,525333,503473,464013,459244,479120,443297,464608,584463,638882,736996,826349,931122,1006595,1004608,1062418,0.1056,0.1404,0.1284,0.1839,0.1268,0.0781,0.0936,0.1842,0.1805,0.0037,-0.0416,-0.0784,-0.0103,0.0433,-0.0748,0.0481,0.2580,0.0931,0.1536,0.1212,0.1268,0.0811,-0.0020,0.0575
94301,Palo Alto,593600,706531,784710,843385,1081796,1313149,1278764,1228514,1391774,1649621,1677849,1693286,1575857,1643631,1737420,1616438,1812948,2223728,2639856,2867768,3118641,3268751,3997446,3512282,3737355,0.1902,0.1107,0.0748,0.2827,0.2139,-0.0262,-0.0393,0.1329,0.1853,0.0171,0.0092,-0.0693,0.0430,0.0571,-0.0696,0.1216,0.2266,0.1871,0.0863,0.0875,0.0481,0.2229,-0.1214,0.0641
94127,San Francisco,375891,416897,488329,551339,677566,783107,769513,806537,922485,1085379,1077870,1127376,1078366,957475,942281,885256,939078,1129959,1264942,1439141,1475613,1628364,1834883,1758069,1795445,0.1091,0.1713,0.1290,0.2289,0.1558,-0.0174,0.0481,0.1438,0.1766,-0.0069,0.0459,-0.0435,-0.1121,-0.0159,-0.0605,0.0608,0.2033,0.1195,0.1377,0.0253,0.1035,0.1268,-0.0419,0.0213
95620,Dixon,155000,161424,165674,174537,199993,241444,273957,320965,378284,466925,495525,445587,353555,272628,268361,238893,235158,297233,344636,357344,390514,411271,443484,454880,456202,0.0414,0.0263,0.0535,0.1458,0.2073,0.1347,0.1716,0.1786,0.2343,0.0613,-0.1008,-0.2065,-0.2289,-0.0157,-0.1098,-0.0156,0.2640,0.1595,0.0369,0.0928,0.0532,0.0783,0.0257,0.0029
94022,Los Altos,826244,914645,973126,1120160,1365185,1642383,1652895,1601805,1787711,2060933,2025500,2030888,1830301,1899713,2018728,1892368,2204879,2607903,2713960,2988297,3040054,3246087,3833529,3404572,3738400,0.1070,0.0639,0.1511,0.2187,0.2030,0.0064,-0.0309,0.1161,0.1528,-0.0172,0.0027,-0.0988,0.0379,0.0626,-0.0626,0.1651,0.1828,0.0407,0.1011,0.0173,0.0678,0.1810,-0.1119,0.0981
94618,Oakland,270771,300418,329806,367471,467580,540000,565652,607158,686022,793809,790840,754314,726012,720413,736206,680958,700333,846357,891052,1029327,1165026,1302708,1530828,1592423,1653675,0.1095,0.0978,0.1142,0.2724,0.1549,0.0475,0.0734,0.1299,0.1571,-0.0037,-0.0462,-0.0375,-0.0077,0.0219,-0.0750,0.0285,0.2085,0.0528,0.1552,0.1318,0.1182,0.1751,0.0402,0.0385
94563,Orinda,736154,803753,843500,889054,1042123,1168471,1306859,1453682,1632368,1947619,2027701,1875195,1710334,1490851,1541674,1360306,1472955,1701577,1839337,1956371,1991441,2081295,2202831,2154623,2214684,0.0918,0.0495,0.0540,0.1722,0.1212,0.1184,0.1123,0.1229,0.1931,0.0411,-0.0752,-0.0879,-0.1283,0.0341,-0.1176,0.0828,0.1552,0.0810,0.0636,0.0179,0.0451,0.0584,-0.0219,0.0279
94108,San Francisco,377206,390221,452713,512043,620118,764871,703044,698392,805191,921603,977632,997711,958330,838007,809455,763514,841919,975637,999083,1126271,1147191,1192415,1228556,1185308,1159536,0.0345,0.1601,0.1311,0.2111,0.2334,-0.0808,-0.0066,0.1529,0.1446,0.0608,0.0205,-0.0395,-0.1256,-0.0341,-0.0568,0.1027,0.1588,0.0240,0.1273,0.0186,0.0394,0.0303,-0.0352,-0.0217
94564,Pinole,139974,147652,155006,168757,198411,227654,263419,299146,363234,431495,453307,406660,365134,320640,346903,301946,308057,381853,408788,465658,485361,519705,571318,573885,584560,0.0549,0.0498,0.0887,0.1757,0.1474,0.1571,0.1356,0.2142,0.1879,0.0505,-0.1029,-0.1021,-0.1219,0.0819,-0.1296,0.0202,0.2396,0.0705,0.1391,0.0423,0.0708,0.0993,0.0045,0.0186
94949,Novato,302440,313652,341120,375258,454863,527186,553241,586448,664852,766780,800458,778459,711892,596733,611140,543421,575418,654829,725392,806993,833430,873954,952784,952154,969193,0.0371,0.0876,0.1001,0.2121,0.1590,0.0494,0.0600,0.1337,0.1533,0.0439,-0.0275,-0.0855,-0.1618,0.0241,-0.1108,0.0589,0.1380,0.1078,0.1125,0.0328,0.0486,0.0902,-0.0007,0.0179
94579,San Leandro,178952,185653,205430,220724,271520,327649,354343,380815,446605,536765,562220,525770,414897,365496,373902,335217,333752,434374,476442,528515,584166,626584,702845,683781,733651,0.0374,0.1065,0.0744,0.2301,0.2067,0.0815,0.0747,0.1728,0.2019,0.0474,-0.0648,-0.2109,-0.1191,0.0230,-0.1035,-0.0044,0.3015,0.0968,0.1093,0.1053,0.0726,0.1217,-0.0271,0.0729
94945,Novato,271751,290726,319767,354494,428335,494828,521521,565462,652909,754828,764723,753764,680382,560212,578684,501053,531513,612382,674934,745375,775146,807391,861707,855607,873111,0.0698,0.0999,0.1086,0.2083,0.1552,0.0539,0.0843,0.1546,0.1561,0.0131,-0.0143,-0.0974,-0.1766,0.0330,-0.1342,0.0608,0.1521,0.1021,0.1044,0.0399,0.0416,0.0673,-0.0071,0.0205
94019,Half Moon Bay,402246,429872,490296,539761,642308,739081,747745,770621,876951,1010332,1046215,1039966,963817,870187,828080,765810,788063,875310,965514,1082588,1154990,1209023,1393885,1327041,1305867,0.0687,0.1406,0.1009,0.1900,0.1507,0.0117,0.0306,0.1380,0.1521,0.0355,-0.0060,-0.0732,-0.0971,-0.0484,-0.0752,0.0291,0.1107,0.1031,0.1213,0.0669,0.0468,0.1529,-0.0480,-0.0160
94705,Berkeley,210513,230528,257919,283282,349315,418167,449548,471551,538373,636279,648853,619665,581670,583314,619355,608756,699965,922722,1046853,1191678,1325968,1466945,1708406,1752343,1829395,0.0951,0.1188,0.0983,0.2331,0.1971,0.0750,0.0489,0.1417,0.1819,0.0198,-0.0450,-0.0613,0.0028,0.0618,-0.0171,0.1498,0.3182,0.1345,0.1383,0.1127,0.1063,0.1646,0.0257,0.0440
94503,American Canyon,118056,120964,128241,139633,166497,204013,231797,269796,316612,382312,415243,390047,334933,322057,306830,284491,289798,356966,419438,470113,497657,540312,578313,575454,599298,0.0246,0.0602,0.0888,0.1924,0.2253,0.1362,0.1639,0.1735,0.2075,0.0861,-0.0607,-0.1413,-0.0384,-0.0473,-0.0728,0.0187,0.2318,0.1750,0.1208,0.0586,0.0857,0.0703,-0.0049,0.0414
94960,San Anselmo,350897,373720,412494,445819,546128,629520,661197,706437,803282,906321,935291,922935,841137,728123,735297,659236,702518,812734,878518,998269,1063749,1129072,1210017,1162479,1264117,0.0650,0.1038,0.0808,0.2250,0.1527,0.0503,0.0684,0.1371,0.1283,0.0320,-0.0132,-0.0886,-0.1344,0.0099,-0.1034,0.0657,0.1569,0.0809,0.1363,0.0656,0.0614,0.0717,-0.0393,0.0874
94920,Tiburon,588536,632336,735425,812931,1015131,1232276,1247360,1300263,1427547,1554583,1638716,1628808,1613945,1400311,1420229,1306817,1476336,1656708,1825814,2032817,2159039,2439043,2609142,2661146,2910052,0.0744,0.1630,0.1054,0.2487,0.2139,0.0122,0.0424,0.0979,0.0890,0.0541,-0.0060,-0.0091,-0.1324,0.0142,-0.0799,0.1297,0.1222,0.1021,0.1134,0.0621,0.1297,0.0697,0.0199,0.0935
94965,Sausalito,416641,452832,505914,557230,673441,835042,819017,857272,957702,1086966,1141470,1110873,1095646,891524,904917,804316,844667,954669,1049434,1192071,1281940,1364757,1375586,1357018,1466591,0.0869,0.1172,0.1014,0.2086,0.2400,-0.0192,0.0467,0.1172,0.1350,0.0501,-0.0268,-0.0137,-0.1863,0.0150,-0.1112,0.0502,0.1302,0.0993,0.1359,0.0754,0.0646,0.0079,-0.0135,0.0807
94507,Alamo,501515,564110,658514,709633,824383,955927,1062576,1194747,1443056,1717156,1777974,1629090,1402660,1206462,1238671,1151812,1272988,1519201,1622314,1763018,1779448,1878774,1975050,1903968,1973096,0.1248,0.1674,0.0776,0.1617,0.1596,0.1116,0.1244,0.2078,0.1899,0.0354,-0.0837,-0.1390,-0.1399,0.0267,-0.0701,0.1052,0.1934,0.0679,0.0867,0.0093,0.0558,0.0512,-0.0360,0.0363
94556,Moraga,383785,401830,451163,496416,579342,652010,715342,791859,906348,1071221,1104316,1055263,986251,893701,913064,856207,954418,1187389,1230779,1363192,1411097,1540387,1571293,1581166,1679032,0.0470,0.1228,0.1003,0.1670,0.1254,0.0971,0.1070,0.1446,0.1819,0.0309,-0.0444,-0.0654,-0.0938,0.0217,-0.0623,0.1147,0.2441,0.0365,0.1076,0.0351,0.0916,0.0201,0.0063,0.0619
94709,Berkeley,214145,233288,262536,300627,354832,412829,441675,471052,540974,637065,636927,615546,597573,592558,597211,554244,560166,698971,761199,869219,979636,1086629,1236969,1247462,1301065,0.0894,0.1254,0.1451,0.1803,0.1634,0.0699,0.0665,0.1484,0.1776,-0.0002,-0.0336,-0.0292,-0.0084,0.0079,-0.0719,0.0107,0.2478,0.0890,0.1419,0.1270,0.1092,0.1384,0.0085,0.0430
94571,Rio Vista,156957,157753,161524,165451,182912,209933,242375,277629,317681,394660,417365,361477,272465,223843,224713,204257,191485,250889,292993,307025,335110,357063,386795,388236,392744,0.0051,0.0239,0.0243,0.1055,0.1477,0.1545,0.1455,0.1443,0.2423,0.0575,-0.1339,-0.2462,-0.1785,0.0039,-0.0910,-0.0625,0.3102,0.1678,0.0479,0.0915,0.0655,0.0833,0.0037,0.0116
94707,Berkeley,251844,274074,311043,341702,426751,484570,523111,548376,644403,736544,725230,701670,670977,648602,681555,643204,696382,896662,1003584,1135088,1267856,1422304,1565591,1559032,1655174,0.0883,0.1349,0.0986,0.2489,0.1355,0.0795,0.0483,0.1751,0.1430,-0.0154,-0.0325,-0.0437,-0.0333,0.0508,-0.0563,0.0827,0.2876,0.1192,0.1310,0.1170,0.1218,0.1007,-0.0042,0.0617
94904,Kentfield,448689,484032,549704,608323,744149,864178,897184,911201,1036937,1168070,1247110,1263893,1169275,1002701,1030284,946844,1041121,1290404,1411930,1569945,1614474,1713094,1765916,1734826,1883294,0.0788,0.1357,0.1066,0.2233,0.1613,0.0382,0.0156,0.1380,0.1265,0.0677,0.0135,-0.0749,-0.1425,0.0275,-0.0810,0.0996,0.2394,0.0942,0.1119,0.0284,0.0611,0.0308,-0.0176,0.0856
94502,Alameda,220440,225517,252104,270561,331374,378331,399143,434311,498928,578640,589648,555974,505790,500274,504336,479225,522863,676418,715142,786795,858139,925137,978215,970747,1012432,0.0230,0.1179,0.0732,0.2248,0.1417,0.0550,0.0881,0.1488,0.1598,0.0190,-0.0571,-0.0903,-0.0109,0.0081,-0.0498,0.0911,0.2937,0.0572,0.1002,0.0907,0.0781,0.0574,-0.0076,0.0429
94542,Hayward,242909,254198,283796,312609,374944,450464,475880,510455,591692,715992,752125,714848,599090,499838,491244,448776,455896,575736,643438,691997,755362,808235,894624,869133,924539,0.0465,0.1164,0.1015,0.1994,0.2014,0.0564,0.0727,0.1591,0.2101,0.0505,-0.0496,-0.1619,-0.1657,-0.0172,-0.0864,0.0159,0.2629,0.1176,0.0755,0.0916,0.0700,0.1069,-0.0285,0.0637
94517,Clayton,261242,279896,325568,353197,420096,484706,542979,618383,772434,899068,950165,862624,712937,664444,729944,698110,747461,874270,815846,902244,925952,967442,989964,992686,1010519,0.0714,0.1632,0.0849,0.1894,0.1538,0.1202,0.1389,0.2491,0.1639,0.0568,-0.0921,-0.1735,-0.0680,0.0986,-0.0436,0.0707,0.1697,-0.0668,0.1059,0.0263,0.0448,0.0233,0.0027,0.0180
94065,Redwood City,308853,343558,396832,431189,537035,595554,595242,608195,695710,798689,826732,834282,774309,687303,705810,702574,798671,932148,1055188,1229975,1311138,1383632,1618848,1510815,1532185,0.1124,0.1551,0.0866,0.2455,0.1090,-0.0005,0.0218,0.1439,0.1480,0.0351,0.0091,-0.0719,-0.1124,0.0269,-0.0046,0.1368,0.1671,0.1320,0.1656,0.0660,0.0553,0.1700,-0.0667,0.0141
94552,Castro Valley,270543,289214,324646,349632,414446,489416,505153,538519,622341,744814,763427,713346,644460,607636,621806,573935,585313,733026,774589,850857,912968,945174,1058896,1028896,1071665,0.0690,0.1225,0.0770,0.1854,0.1809,0.0322,0.0661,0.1557,0.1968,0.0250,-0.0656,-0.0966,-0.0571,0.0233,-0.0770,0.0198,0.2524,0.0567,0.0985,0.0730,0.0353,0.1203,-0.0283,0.0416
94708,Berkeley,286421,299755,335473,367050,438745,507900,532136,573045,654231,755480,740502,740492,714525,701405,733280,673565,728707,887329,985029,1150154,1299865,1369409,1465735,1478102,1555054,0.0466,0.1192,0.0941,0.1953,0.1576,0.0477,0.0769,0.1417,0.1548,-0.0198,0.0000,-0.0351,-0.0184,0.0454,-0.0814,0.0819,0.2177,0.1101,0.1676,0.1302,0.0535,0.0703,0.0084,0.0521
94305,Stanford,791366,930305,992735,1060528,1179898,1398556,1375449,1286682,1362608,1642113,1703809,1669991,1585892,1527883,1623848,1596374,1831599,2331165,2325626,2381738,2469176,2677245,3140157,2796944,3043332,0.1756,0.0671,0.0683,0.1126,0.1853,-0.0165,-0.0645,0.0590,0.2051,0.0376,-0.0198,-0.0504,-0.0366,0.0628,-0.0169,0.1473,0.2727,-0.0024,0.0241,0.0367,0.0843,0.1729,-0.1093,0.0881
94925,Corte Madera,409856,436980,491898,564160,703131,773835,829525,860206,975332,1138358,1142068,1144374,1133634,939614,959249,890404,892081,982863,1068505,1200933,1271331,1342836,1382850,1367738,1457194,0.0662,0.1257,0.1469,0.2463,0.1006,0.0720,0.0370,0.1338,0.1671,0.0033,0.0020,-0.0094,-0.1711,0.0209,-0.0718,0.0019,0.1018,0.0871,0.1239,0.0586,0.0562,0.0298,-0.0109,0.0654
94930,Fairfax,270325,288822,312716,345770,414026,474812,509380,535616,612818,701820,709912,723123,690932,592900,603010,525627,582948,679567,742240,815796,825224,902793,908275,920440,990273,0.0684,0.0827,0.1057,0.1974,0.1468,0.0728,0.0515,0.1441,0.1452,0.0115,0.0186,-0.0445,-0.1419,0.0171,-0.1283,0.1091,0.1657,0.0922,0.0991,0.0116,0.0940,0.0061,0.0134,0.0759
94939,Larkspur,427036,466191,545356,599415,753476,871156,925155,958675,1071327,1263196,1327834,1378888,1347845,1057600,1071874,954681,971093,1116503,1245216,1377451,1459284,1570447,1645919,1595316,1721672,0.0917,0.1698,0.0991,0.2570,0.1562,0.0620,0.0362,0.1175,0.1791,0.0512,0.0384,-0.0225,-0.2153,0.0135,-0.1093,0.0172,0.1497,0.1153,0.1062,0.0594,0.0762,0.0481,-0.0307,0.0792
94710,Berkeley,156408,173107,178938,203324,258983,284797,320767,346145,410565,479691,487902,459829,423795,435109,450631,419125,437064,562510,619809,701028,761339,841828,940056,958474,1040731,0.1068,0.0337,0.1363,0.2737,0.0997,0.1263,0.0791,0.1861,0.1684,0.0171,-0.0575,-0.0784,0.0267,0.0357,-0.0699,0.0428,0.2870,0.1019,0.1310,0.0860,0.1057,0.1167,0.0196,0.0858
94572,Rodeo,149473,154220,166054,177515,204005,232728,262511,307723,375137,458446,469787,454001,360796,340767,363263,349930,312702,292186,283328,325025,332013,376355,434323,466942,490300,0.0318,0.0767,0.0690,0.1492,0.1408,0.1280,0.1722,0.2191,0.2221,0.0247,-0.0336,-0.2053,-0.0555,0.0660,-0.0367,-0.1064,-0.0656,-0.0303,0.1472,0.0215,0.1336,0.1540,0.0751,0.0500
94028,Portola Valley,714813,787157,884894,988434,1288532,1556267,1552103,1541546,1669393,1840402,1841237,1867918,1762921,1619520,1646218,1682871,2008888,2412646,2726771,3159459,3395763,3189991,3772025,3594369,3557040,0.1012,0.1242,0.1170,0.3036,0.2078,-0.0027,-0.0068,0.0829,0.1024,0.0005,0.0145,-0.0562,-0.0813,0.0165,0.0223,0.1937,0.2010,0.1302,0.1587,0.0748,-0.0606,0.1825,-0.0471,-0.0104
94304,Palo Alto,1179077,1339607,1434308,1546991,1805518,2109032,2286491,2411365,2679376,2877102,2638094,2512524,2164524,2047796,2091886,1972300,2135846,2584942,2779528,2943893,2857063,2999440,3520361,3140138,3441777,0.1361,0.0707,0.0786,0.1671,0.1681,0.0841,0.0546,0.1111,0.0738,-0.0831,-0.0476,-0.1385,-0.0539,0.0215,-0.0572,0.0829,0.2103,0.0753,0.0591,-0.0295,0.0498,0.1737,-0.1080,0.0961
94027,Atherton,772327,891226,1052163,1170848,1564774,1862421,2003931,2001259,2178994,2364385,2365166,2367480,2257326,1993262,2178496,2326340,2837724,3316844,3887338,4552788,4858363,5274742,6165746,6241351,6443998,0.1539,0.1806,0.1128,0.3364,0.1902,0.0760,-0.0013,0.0888,0.0851,0.0003,0.0010,-0.0465,-0.1170,0.0929,0.0679,0.2198,0.1688,0.1720,0.1712,0.0671,0.0857,0.1689,0.0123,0.0325
94111,San Francisco,430789,476142,532665,613269,734610,829099,778554,789532,878425,1017071,1044459,1061417,1038793,937232,925603,846864,927766,1102638,1131960,1292703,1272902,1315679,1356642,1314130,1305032,0.1053,0.1187,0.1513,0.1979,0.1286,-0.0610,0.0141,0.1126,0.1578,0.0269,0.0162,-0.0213,-0.0978,-0.0124,-0.0851,0.0955,0.1885,0.0266,0.1420,-0.0153,0.0336,0.0311,-0.0313,-0.0069
94038,Moss Beach,333570,360088,399592,447794,537991,629084,610633,623823,735255,845162,870921,854404,818039,725687,704536,635716,662585,765501,837179,947067,1027320,1093533,1263527,1188744,1216787,0.0795,0.1097,0.1206,0.2014,0.1693,-0.0293,0.0216,0.1786,0.1495,0.0305,-0.0190,-0.0426,-0.1129,-0.0291,-0.0977,0.0423,0.1553,0.0936,0.1313,0.0847,0.0645,0.1555,-0.0592,0.0236
94005,Brisbane,218270,228595,263072,295294,378064,408517,454610,473615,546966,645258,692297,679691,582943,508510,524733,502191,518393,624052,693928,771896,839015,882477,1014356,976389,1048733,0.0473,0.1508,0.1225,0.2803,0.0805,0.1128,0.0418,0.1549,0.1797,0.0729,-0.0182,-0.1423,-0.1277,0.0319,-0.0430,0.0323,0.2038,0.1120,0.1124,0.0870,0.0518,0.1494,-0.0374,0.0741
94535,Fairfield,158474,157182,165838,179824,211747,257235,281805,331047,384487,466362,488353,432575,320750,258669,263001,237811,237288,310478,361906,383656,422479,439952,473767,483315,503708,-0.0082,0.0551,0.0843,0.1775,0.2148,0.0955,0.1747,0.1614,0.2129,0.0472,-0.1142,-0.2585,-0.1935,0.0167,-0.0958,-0.0022,0.3084,0.1656,0.0601,0.1012,0.0414,0.0769,0.0202,0.0422
95002,San Jose,445284,478109,580506,586027,649223,748637,752342,772914,844213,1006318,1061484,1054377,836638,798912,846921,799176,742229,859338,903275,902269,940136,1014323,1221843,1040531,1081425,0.0737,0.2142,0.0095,0.1078,0.1531,0.0049,0.0273,0.0922,0.1920,0.0548,-0.0067,-0.2065,-0.0451,0.0601,-0.0564,-0.0713,0.1578,0.0511,-0.0011,0.0420,0.0789,0.2046,-0.1484,0.0393
94973,Woodacre,323395,357269,374518,407016,476511,579544,612473,658843,710371,838758,834010,823156,780576,668837,650851,558303,643526,652674,668594,779582,768555,822483,822705,842180,873300,0.1047,0.0483,0.0868,0.1707,0.2162,0.0568,0.0757,0.0782,0.1807,-0.0057,-0.0130,-0.0517,-0.1431,-0.0269,-0.1422,0.1526,0.0142,0.0244,0.1660,-0.0141,0.0702,0.0003,0.0237,0.0370
94586,Sunol,217777,247956,273861,281514,369958,454792,434057,461688,499584,583128,608488,608078,614292,603823,612759,568956,638162,787761,891258,984388,1071287,1080596,1230136,1200207,1157700,0.1386,0.1045,0.0279,0.3142,0.2293,-0.0456,0.0637,0.0821,0.1672,0.0435,-0.0007,0.0102,-0.0170,0.0148,-0.0715,0.1216,0.2344,0.1314,0.1045,0.0883,0.0087,0.1384,-0.0243,-0.0354
94933,Lagunitas,234528,251938,252708,292104,349736,415803,430437,462562,553041,610877,634561,625467,574815,491688,465316,460341,541069,598556,660249,740727,780151,797726,817442,835679,821173,0.0742,0.0031,0.1559,0.1973,0.1889,0.0352,0.0746,0.1956,0.1046,0.0388,-0.0143,-0.0810,-0.1446,-0.0536,-0.0107,0.1754,0.1062,0.1031,0.1219,0.0532,0.0225,0.0247,0.0223,-0.0174
94104,San Francisco,463603,457858,516917,632040,742389,833057,740408,748087,880526,1001513,1046919,1067536,1102549,964804,885911,844609,951298,1094993,1187078,1422792,1445304,1464659,1500725,1468392,1386409,-0.0124,0.1290,0.2227,0.1746,0.1221,-0.1112,0.0104,0.1770,0.1374,0.0453,0.0197,0.0328,-0.1249,-0.0818,-0.0466,0.1263,0.1511,0.0841,0.1986,0.0158,0.0134,0.0246,-0.0215,-0.0558
94528,Diablo,618980,722800,831309,917099,1062849,1196958,1330751,1524524,1827589,2085039,2156163,1923733,1665370,1488851,1526755,1466738,1625919,1917669,2017117,2099186,2138887,2260868,2410665,2327443,2370488,0.1677,0.1501,0.1032,0.1589,0.1262,0.1118,0.1456,0.1988,0.1409,0.0341,-0.1078,-0.1343,-0.1060,0.0255,-0.0393,0.1085,0.1794,0.0519,0.0407,0.0189,0.0570,0.0663,-0.0345,0.0185
94963,San Geronimo,399701,444049,449337,489890,555507,651929,709516,725305,823609,912487,932651,912239,877914,790173,788119,687969,764399,833069,872707,995580,1050719,1068628,1075620,1079687,1126643,0.1110,0.0119,0.0903,0.1339,0.1736,0.0883,0.0223,0.1355,0.1079,0.0221,-0.0219,-0.0376,-0.0999,-0.0026,-0.1271,0.1111,0.0898,0.0476,0.1408,0.0554,0.0170,0.0065,0.0038,0.0435
94938,Lagunitas,411834,448324,470454,533873,635169,732662,698643,654799,765851,828576,826959,782689,749794,660246,645121,585795,668428,668293,712739,841313,879855,871459,877388,915839,920071,0.0886,0.0494,0.1348,0.1897,0.1535,-0.0464,-0.0628,0.1696,0.0819,-0.0020,-0.0535,-0.0420,-0.1194,-0.0229,-0.0920,0.1411,-0.0002,0.0665,0.1804,0.0458,-0.0095,0.0068,0.0438,0.0046
94946,Nicasio,584677,660041,695174,749904,842096,957754,1039763,1034592,1173477,1372659,1259843,1159913,1091944,943941,931988,851482,925340,1055760,1194564,1264762,1426179,1497015,1505515,1574853,1675250,0.1289,0.0532,0.0787,0.1229,0.1373,0.0856,-0.0050,0.1342,0.1697,-0.0822,-0.0793,-0.0586,-0.1355,-0.0127,-0.0864,0.0867,0.1409,0.1315,0.0588,0.1276,0.0497,0.0057,0.0461,0.0638
94964,San Quentin,570395,567890,584699,625506,771659,790177,847241,885490,940112,1023150,1112676,1027946,927314,676710,743190,642631,739840,786252,849490,997166,932338,1030513,1065420,1033122,1049567,-0.0044,0.0296,0.0698,0.2337,0.0240,0.0722,0.0451,0.0617,0.0883,0.0875,-0.0761,-0.0979,-0.2702,0.0982,-0.1353,0.1513,0.0627,0.0804,0.1738,-0.0650,0.1053,0.0339,-0.0303,0.0159
95140,East Foothills,303210,327657,375086,404008,512639,651716,717546,679699,717579,868345,942427,931895,804554,812784,821855,780127,812573,926923,1013234,1117020,1128173,1268042,1428679,1420885,1501572,0.0806,0.1448,0.0771,0.2689,0.2713,0.1010,-0.0527,0.0557,0.2101,0.0853,-0.0112,-0.1366,0.0102,0.0112,-0.0508,0.0416,0.1407,0.0931,0.1024,0.0100,0.1240,0.1267,-0.0055,0.0568
